query_id,bucket,role_probe,seniority_probe,query,country,language,work_from_home
ID_MLE_JAK_JUNIOR,indonesia,Machine Learning Engineer,junior,Junior Machine Learning Engineer in Jakarta,id,id,
ID_MLE_JAK_MID,indonesia,Machine Learning Engineer,mid,Mid Level Machine Learning Engineer in Jakarta,id,id,
ID_MLE_JAK_SENIOR,indonesia,Machine Learning Engineer,senior,Senior Machine Learning Engineer in Jakarta,id,id,
ID_MLE_BAN_JUNIOR,indonesia,Machine Learning Engineer,junior,Junior Machine Learning Engineer in Bandung,id,id,
ID_MLE_BAN_MID,indonesia,Machine Learning Engineer,mid,Mid Level Machine Learning Engineer in Bandung,id,id,
ID_MLE_BAN_SENIOR,indonesia,Machine Learning Engineer,senior,Senior Machine Learning Engineer in Bandung,id,id,
ID_MLE_SUR_JUNIOR,indonesia,Machine Learning Engineer,junior,Junior Machine Learning Engineer in Surabaya,id,id,
ID_MLE_SUR_MID,indonesia,Machine Learning Engineer,mid,Mid Level Machine Learning Engineer in Surabaya,id,id,
ID_MLE_SUR_SENIOR,indonesia,Machine Learning Engineer,senior,Senior Machine Learning Engineer in Surabaya,id,id,
ID_MLE_YOG_JUNIOR,indonesia,Machine Learning Engineer,junior,Junior Machine Learning Engineer in Yogyakarta,id,id,
ID_MLE_YOG_MID,indonesia,Machine Learning Engineer,mid,Mid Level Machine Learning Engineer in Yogyakarta,id,id,
ID_MLE_YOG_SENIOR,indonesia,Machine Learning Engineer,senior,Senior Machine Learning Engineer in Yogyakarta,id,id,
REMOTE_MLE_JUNIOR,remote_candidate,Machine Learning Engineer,junior,Remote Junior Machine Learning Engineer in Indonesia,id,en,true
REMOTE_MLE_MID,remote_candidate,Machine Learning Engineer,mid,Remote Mid Level Machine Learning Engineer in Indonesia,id,en,true
REMOTE_MLE_SENIOR,remote_candidate,Machine Learning Engineer,senior,Remote Senior Machine Learning Engineer in Indonesia,id,en,true
GLOBAL_US_MLE_JUNIOR,foreign_comparison,Machine Learning Engineer,junior,Junior Machine Learning Engineer in United States,us,en,
GLOBAL_US_MLE_MID,foreign_comparison,Machine Learning Engineer,mid,Mid Level Machine Learning Engineer in United States,us,en,
GLOBAL_US_MLE_SENIOR,foreign_comparison,Machine Learning Engineer,senior,Senior Machine Learning Engineer in United States,us,en,
GLOBAL_SG_MLE_JUNIOR,foreign_comparison,Machine Learning Engineer,junior,Junior Machine Learning Engineer in Singapore,sg,en,
GLOBAL_SG_MLE_MID,foreign_comparison,Machine Learning Engineer,mid,Mid Level Machine Learning Engineer in Singapore,sg,en,
GLOBAL_SG_MLE_SENIOR,foreign_comparison,Machine Learning Engineer,senior,Senior Machine Learning Engineer in Singapore,sg,en,
ID_DAS_JAK_JUNIOR,indonesia,Data Scientist,junior,Junior Data Scientist in Jakarta,id,id,
ID_DAS_JAK_MID,indonesia,Data Scientist,mid,Mid Level Data Scientist in Jakarta,id,id,
ID_DAS_JAK_SENIOR,indonesia,Data Scientist,senior,Senior Data Scientist in Jakarta,id,id,
ID_DAS_BAN_JUNIOR,indonesia,Data Scientist,junior,Junior Data Scientist in Bandung,id,id,
ID_DAS_BAN_MID,indonesia,Data Scientist,mid,Mid Level Data Scientist in Bandung,id,id,
ID_DAS_BAN_SENIOR,indonesia,Data Scientist,senior,Senior Data Scientist in Bandung,id,id,
ID_DAS_SUR_JUNIOR,indonesia,Data Scientist,junior,Junior Data Scientist in Surabaya,id,id,
ID_DAS_SUR_MID,indonesia,Data Scientist,mid,Mid Level Data Scientist in Surabaya,id,id,
ID_DAS_SUR_SENIOR,indonesia,Data Scientist,senior,Senior Data Scientist in Surabaya,id,id,
ID_DAS_YOG_JUNIOR,indonesia,Data Scientist,junior,Junior Data Scientist in Yogyakarta,id,id,
ID_DAS_YOG_MID,indonesia,Data Scientist,mid,Mid Level Data Scientist in Yogyakarta,id,id,
ID_DAS_YOG_SENIOR,indonesia,Data Scientist,senior,Senior Data Scientist in Yogyakarta,id,id,
REMOTE_DAS_JUNIOR,remote_candidate,Data Scientist,junior,Remote Junior Data Scientist in Indonesia,id,en,true
REMOTE_DAS_MID,remote_candidate,Data Scientist,mid,Remote Mid Level Data Scientist in Indonesia,id,en,true
REMOTE_DAS_SENIOR,remote_candidate,Data Scientist,senior,Remote Senior Data Scientist in Indonesia,id,en,true
GLOBAL_US_DAS_JUNIOR,foreign_comparison,Data Scientist,junior,Junior Data Scientist in United States,us,en,
GLOBAL_US_DAS_MID,foreign_comparison,Data Scientist,mid,Mid Level Data Scientist in United States,us,en,
GLOBAL_US_DAS_SENIOR,foreign_comparison,Data Scientist,senior,Senior Data Scientist in United States,us,en,
GLOBAL_SG_DAS_JUNIOR,foreign_comparison,Data Scientist,junior,Junior Data Scientist in Singapore,sg,en,
GLOBAL_SG_DAS_MID,foreign_comparison,Data Scientist,mid,Mid Level Data Scientist in Singapore,sg,en,
GLOBAL_SG_DAS_SENIOR,foreign_comparison,Data Scientist,senior,Senior Data Scientist in Singapore,sg,en,
ID_AIE_JAK_JUNIOR,indonesia,AI Engineer,junior,Junior AI Engineer in Jakarta,id,id,
ID_AIE_JAK_MID,indonesia,AI Engineer,mid,Mid Level AI Engineer in Jakarta,id,id,
ID_AIE_JAK_SENIOR,indonesia,AI Engineer,senior,Senior AI Engineer in Jakarta,id,id,
ID_AIE_BAN_JUNIOR,indonesia,AI Engineer,junior,Junior AI Engineer in Bandung,id,id,
ID_AIE_BAN_MID,indonesia,AI Engineer,mid,Mid Level AI Engineer in Bandung,id,id,
ID_AIE_BAN_SENIOR,indonesia,AI Engineer,senior,Senior AI Engineer in Bandung,id,id,
ID_AIE_SUR_JUNIOR,indonesia,AI Engineer,junior,Junior AI Engineer in Surabaya,id,id,
ID_AIE_SUR_MID,indonesia,AI Engineer,mid,Mid Level AI Engineer in Surabaya,id,id,
ID_AIE_SUR_SENIOR,indonesia,AI Engineer,senior,Senior AI Engineer in Surabaya,id,id,
ID_AIE_YOG_JUNIOR,indonesia,AI Engineer,junior,Junior AI Engineer in Yogyakarta,id,id,
ID_AIE_YOG_MID,indonesia,AI Engineer,mid,Mid Level AI Engineer in Yogyakarta,id,id,
ID_AIE_YOG_SENIOR,indonesia,AI Engineer,senior,Senior AI Engineer in Yogyakarta,id,id,
REMOTE_AIE_JUNIOR,remote_candidate,AI Engineer,junior,Remote Junior AI Engineer in Indonesia,id,en,true
REMOTE_AIE_MID,remote_candidate,AI Engineer,mid,Remote Mid Level AI Engineer in Indonesia,id,en,true
REMOTE_AIE_SENIOR,remote_candidate,AI Engineer,senior,Remote Senior AI Engineer in Indonesia,id,en,true
GLOBAL_US_AIE_JUNIOR,foreign_comparison,AI Engineer,junior,Junior AI Engineer in United States,us,en,
GLOBAL_US_AIE_MID,foreign_comparison,AI Engineer,mid,Mid Level AI Engineer in United States,us,en,
GLOBAL_US_AIE_SENIOR,foreign_comparison,AI Engineer,senior,Senior AI Engineer in United States,us,en,
GLOBAL_SG_AIE_JUNIOR,foreign_comparison,AI Engineer,junior,Junior AI Engineer in Singapore,sg,en,
GLOBAL_SG_AIE_MID,foreign_comparison,AI Engineer,mid,Mid Level AI Engineer in Singapore,sg,en,
GLOBAL_SG_AIE_SENIOR,foreign_comparison,AI Engineer,senior,Senior AI Engineer in Singapore,sg,en,
ID_GEN_JAK_JUNIOR,indonesia,Generative AI Engineer,junior,Junior Generative AI Engineer in Jakarta,id,id,
ID_GEN_JAK_MID,indonesia,Generative AI Engineer,mid,Mid Level Generative AI Engineer in Jakarta,id,id,
ID_GEN_JAK_SENIOR,indonesia,Generative AI Engineer,senior,Senior Generative AI Engineer in Jakarta,id,id,
ID_GEN_BAN_JUNIOR,indonesia,Generative AI Engineer,junior,Junior Generative AI Engineer in Bandung,id,id,
ID_GEN_BAN_MID,indonesia,Generative AI Engineer,mid,Mid Level Generative AI Engineer in Bandung,id,id,
ID_GEN_BAN_SENIOR,indonesia,Generative AI Engineer,senior,Senior Generative AI Engineer in Bandung,id,id,
ID_GEN_SUR_JUNIOR,indonesia,Generative AI Engineer,junior,Junior Generative AI Engineer in Surabaya,id,id,
ID_GEN_SUR_MID,indonesia,Generative AI Engineer,mid,Mid Level Generative AI Engineer in Surabaya,id,id,
ID_GEN_SUR_SENIOR,indonesia,Generative AI Engineer,senior,Senior Generative AI Engineer in Surabaya,id,id,
ID_GEN_YOG_JUNIOR,indonesia,Generative AI Engineer,junior,Junior Generative AI Engineer in Yogyakarta,id,id,
ID_GEN_YOG_MID,indonesia,Generative AI Engineer,mid,Mid Level Generative AI Engineer in Yogyakarta,id,id,
ID_GEN_YOG_SENIOR,indonesia,Generative AI Engineer,senior,Senior Generative AI Engineer in Yogyakarta,id,id,
REMOTE_GEN_JUNIOR,remote_candidate,Generative AI Engineer,junior,Remote Junior Generative AI Engineer in Indonesia,id,en,true
REMOTE_GEN_MID,remote_candidate,Generative AI Engineer,mid,Remote Mid Level Generative AI Engineer in Indonesia,id,en,true
REMOTE_GEN_SENIOR,remote_candidate,Generative AI Engineer,senior,Remote Senior Generative AI Engineer in Indonesia,id,en,true
GLOBAL_US_GEN_JUNIOR,foreign_comparison,Generative AI Engineer,junior,Junior Generative AI Engineer in United States,us,en,
GLOBAL_US_GEN_MID,foreign_comparison,Generative AI Engineer,mid,Mid Level Generative AI Engineer in United States,us,en,
GLOBAL_US_GEN_SENIOR,foreign_comparison,Generative AI Engineer,senior,Senior Generative AI Engineer in United States,us,en,
GLOBAL_SG_GEN_JUNIOR,foreign_comparison,Generative AI Engineer,junior,Junior Generative AI Engineer in Singapore,sg,en,
GLOBAL_SG_GEN_MID,foreign_comparison,Generative AI Engineer,mid,Mid Level Generative AI Engineer in Singapore,sg,en,
GLOBAL_SG_GEN_SENIOR,foreign_comparison,Generative AI Engineer,senior,Senior Generative AI Engineer in Singapore,sg,en,
ID_BAI_JAK_JUNIOR,indonesia,Backend Engineer AI,junior,Junior Backend Engineer AI in Jakarta,id,id,
ID_BAI_JAK_MID,indonesia,Backend Engineer AI,mid,Mid Level Backend Engineer AI in Jakarta,id,id,
ID_BAI_JAK_SENIOR,indonesia,Backend Engineer AI,senior,Senior Backend Engineer AI in Jakarta,id,id,
ID_BAI_BAN_JUNIOR,indonesia,Backend Engineer AI,junior,Junior Backend Engineer AI in Bandung,id,id,
ID_BAI_BAN_MID,indonesia,Backend Engineer AI,mid,Mid Level Backend Engineer AI in Bandung,id,id,
ID_BAI_BAN_SENIOR,indonesia,Backend Engineer AI,senior,Senior Backend Engineer AI in Bandung,id,id,
ID_BAI_SUR_JUNIOR,indonesia,Backend Engineer AI,junior,Junior Backend Engineer AI in Surabaya,id,id,
ID_BAI_SUR_MID,indonesia,Backend Engineer AI,mid,Mid Level Backend Engineer AI in Surabaya,id,id,
ID_BAI_SUR_SENIOR,indonesia,Backend Engineer AI,senior,Senior Backend Engineer AI in Surabaya,id,id,
ID_BAI_YOG_JUNIOR,indonesia,Backend Engineer AI,junior,Junior Backend Engineer AI in Yogyakarta,id,id,
ID_BAI_YOG_MID,indonesia,Backend Engineer AI,mid,Mid Level Backend Engineer AI in Yogyakarta,id,id,
ID_BAI_YOG_SENIOR,indonesia,Backend Engineer AI,senior,Senior Backend Engineer AI in Yogyakarta,id,id,
REMOTE_BAI_JUNIOR,remote_candidate,Backend Engineer AI,junior,Remote Junior Backend Engineer AI in Indonesia,id,en,true
REMOTE_BAI_MID,remote_candidate,Backend Engineer AI,mid,Remote Mid Level Backend Engineer AI in Indonesia,id,en,true
REMOTE_BAI_SENIOR,remote_candidate,Backend Engineer AI,senior,Remote Senior Backend Engineer AI in Indonesia,id,en,true
GLOBAL_US_BAI_JUNIOR,foreign_comparison,Backend Engineer AI,junior,Junior Backend Engineer AI in United States,us,en,
GLOBAL_US_BAI_MID,foreign_comparison,Backend Engineer AI,mid,Mid Level Backend Engineer AI in United States,us,en,
GLOBAL_US_BAI_SENIOR,foreign_comparison,Backend Engineer AI,senior,Senior Backend Engineer AI in United States,us,en,
GLOBAL_SG_BAI_JUNIOR,foreign_comparison,Backend Engineer AI,junior,Junior Backend Engineer AI in Singapore,sg,en,
GLOBAL_SG_BAI_MID,foreign_comparison,Backend Engineer AI,mid,Mid Level Backend Engineer AI in Singapore,sg,en,
GLOBAL_SG_BAI_SENIOR,foreign_comparison,Backend Engineer AI,senior,Senior Backend Engineer AI in Singapore,sg,en,
CONTROL_ANL_JAK,role_contrast,Data Analyst,unspecified,Data Analyst in Jakarta,id,id,
CONTROL_CNT_JAK,role_contrast,AI Content Creator,unspecified,AI Content Creator in Jakarta,id,id,
CONTROL_ANL_BAN,role_contrast,Data Analyst,unspecified,Data Analyst in Bandung,id,id,
CONTROL_CNT_BAN,role_contrast,AI Content Creator,unspecified,AI Content Creator in Bandung,id,id,
CONTROL_ANL_SUR,role_contrast,Data Analyst,unspecified,Data Analyst in Surabaya,id,id,
CONTROL_CNT_SUR,role_contrast,AI Content Creator,unspecified,AI Content Creator in Surabaya,id,id,
CONTROL_ANL_YOG,role_contrast,Data Analyst,unspecified,Data Analyst in Yogyakarta,id,id,
CONTROL_CNT_YOG,role_contrast,AI Content Creator,unspecified,AI Content Creator in Yogyakarta,id,id,
